Airport_Code,Airport_Name,City,Country,IS_INSERTED,IS_MODIFIED
product,"Camacho, Schaefer and Haley",Annaton,Guernsey,2026-10-17,2027-06-30
nation,Fisher LLC,Alexanderborough,Mauritius,2027-10-08,2027-10-01
table,Rhodes-Gates,Christineville,Myanmar,2027-05-31,2027-11-13
fall,Thompson Ltd,Hernandezview,Monaco,2026-03-01,2026-03-27
but,Stephenson Group,Michaelfort,Niue,2026-06-14,2026-09-10
order,"Ortega, Anderson and Swanson",Raymondville,New Caledonia,2027-12-16,2026-07-12
mention,Lewis-Torres,South Josephberg,Nauru,2027-01-22,2027-09-07
eight,Murray-White,South Jamie,Cape Verde,2026-03-12,2026-12-17
in,Vance Ltd,Mooreborough,Jordan,2027-12-21,2026-05-03
president,"Roth, Fuller and Woodard",Meyerstad,Bhutan,2027-08-19,2027-06-08
situation,Horton Inc,West Wandaview,Italy,2026-03-25,2027-07-30
everyone,Williams-Woods,New Christopher,Christmas Island,2026-09-01,2026-12-21
individual,Brown Ltd,Curtisstad,Nepal,2026-09-24,2026-04-10
between,"Marquez, Williams and Scott",New Coryfurt,British Virgin Islands,2026-11-01,2026-05-06
land,"Thomas, Jones and Fleming",Alexmouth,Tonga,2027-02-07,2027-07-08
floor,"Alvarado, Brown and Beck",West Robert,Guam,2026-04-06,2027-10-19
piece,White-Guerrero,Spencerhaven,Saint Barthelemy,2026-09-06,2027-01-15
every,"Matthews, Miller and Richard",Dustinfort,India,2026-11-14,2026-06-12
whom,Larsen-Lewis,Johnmouth,Macedonia,2027-02-23,2026-04-09
meeting,"Carpenter, Levy and Medina",New Sandrafort,Netherlands Antilles,2027-08-22,2027-08-30
case,Brown-Santos,Parkerburgh,Guinea,2026-11-23,2026-02-04
room,"James, Carpenter and Hughes",North Jasmineland,Panama,2026-07-14,2026-08-15
alone,Dudley-Willis,Lake Mariah,Monaco,2027-01-24,2027-03-31
bank,Schwartz-Sawyer,Janetmouth,Aruba,2027-05-08,2027-03-21
TV,"Miller, Wright and Green",Barronburgh,Argentina,2026-03-02,2026-04-21
card,Romero PLC,East Lauren,Liberia,2026-05-05,2027-08-10
hard,Thompson and Sons,North Tammyborough,Jamaica,2026-06-17,2027-08-23
together,Wallace Ltd,South Carolineview,Mayotte,2027-01-26,2027-11-21
me,Wolf PLC,Kellyview,Central African Republic,2026-05-12,2027-11-24
a,Proctor-Kramer,North Curtisville,Antigua and Barbuda,2026-11-30,2027-02-06
half,Owen LLC,New Dwayne,Bosnia and Herzegovina,2027-04-27,2027-03-16
color,Hanna PLC,Moralesfort,Iran,2026-10-25,2026-02-13
home,Pena-Vargas,East Emily,Vanuatu,2026-09-04,2026-05-08
close,Wolfe LLC,Mcgrathfort,Bangladesh,2026-01-30,2027-06-17
majority,Moore-Gallegos,Port Brandonhaven,Romania,2027-12-20,2026-09-10
list,Rogers-Vazquez,Rachelside,India,2026-07-28,2027-05-11
station,"Lopez, Hernandez and Chandler",West Michaelmouth,Nepal,2027-03-09,2027-10-26
after,Miller Ltd,South Samanthafurt,Tuvalu,2026-08-20,2027-07-10
official,Castillo-Perry,Danielberg,Germany,2027-09-16,2026-06-01
present,Watkins-Bryant,Hensleyfurt,Svalbard & Jan Mayen Islands,2027-01-27,2026-03-20
third,"Cain, Roberts and Contreras",West Colleen,Wallis and Futuna,2026-08-03,2026-12-05
news,Solis and Sons,Jonathonville,United States Minor Outlying Islands,2027-05-04,2026-04-22
language,Christensen Inc,Lake Peggytown,China,2027-10-07,2027-01-18
represent,Sandoval-Wall,Port Davidside,Slovenia,2027-01-24,2027-08-03
require,Cooper-Wilkerson,South Daniel,Kiribati,2026-09-12,2027-05-24
business,"Moore, Martinez and Shaw",Lake Diana,Czech Republic,2027-01-13,2026-03-25
mean,Gomez and Sons,South Blakeville,Guernsey,2027-01-15,2026-10-26
audience,Rodriguez-Wolfe,Samanthafort,Kuwait,2027-02-23,2026-07-09
baby,Ross Inc,Angelaside,Botswana,2026-07-10,2027-09-15
seat,Santiago LLC,New Markhaven,Germany,2026-05-22,2027-04-30
cultural,Nichols-Hammond,Jimmyport,Saint Kitts and Nevis,2026-10-23,2026-05-09
want,"Walters, Lester and Clark",South Lindamouth,Tajikistan,2026-01-19,2026-08-06
term,Davis-Moyer,Tonyburgh,Tokelau,2026-06-02,2027-02-19
on,Daniels-Glover,North Reneemouth,Chad,2026-09-16,2026-08-07
job,Stewart Group,South Scott,Iraq,2027-04-04,2027-10-16
a,"Graves, Mora and Newman",South Donnaborough,Kyrgyz Republic,2026-06-02,2027-06-16
person,"Hull, Banks and Summers",South Robert,Somalia,2026-08-20,2027-10-20
feel,Shaffer-Robertson,Lynntown,Anguilla,2026-05-10,2027-02-20
any,Anderson-Nguyen,Christinaland,Reunion,2026-06-11,2027-06-01
audience,"Hawkins, Martinez and Hernandez",Ramirezchester,Iceland,2026-11-09,2026-06-12
whatever,Swanson LLC,New Eric,Cambodia,2026-07-29,2027-08-09
five,Gutierrez-Horton,Philipmouth,Botswana,2026-08-16,2026-11-20
get,"Parks, Martinez and Richardson",North Leonard,Seychelles,2027-11-13,2026-07-07
suddenly,Davis LLC,South Nicholaston,French Southern Territories,2026-09-10,2026-10-27
they,Stafford-Henderson,North Thomasview,Falkland Islands (Malvinas),2026-05-24,2027-04-17
word,Juarez-Garcia,Justinborough,Christmas Island,2026-08-27,2027-12-29
modern,"Parker, Adkins and Brown",West Valeriefurt,Saint Barthelemy,2026-04-14,2026-09-04
air,"Andrews, Weber and Smith",East Kellihaven,Angola,2027-09-27,2026-03-14
occur,Craig PLC,South James,Ireland,2027-11-25,2027-01-04
still,"Smith, Murray and Wolf",Lake Tracey,Rwanda,2027-03-23,2026-05-13
treatment,Trevino LLC,Christopherview,Liechtenstein,2027-06-25,2026-06-02
reduce,"Hawkins, Lee and Clark",Clarkside,Myanmar,2027-07-03,2026-04-08
trial,Williams-Hudson,Charlestown,Congo,2026-08-24,2027-01-22
share,"Chandler, Ortiz and Lloyd",North Andrewview,Antigua and Barbuda,2027-06-10,2026-09-25
clearly,"Galvan, Jackson and Bullock",Lake Crystal,Ukraine,2027-07-06,2027-09-13
before,Jackson-Christian,Browntown,Singapore,2027-02-26,2027-03-24
outside,Thomas-Wiggins,South Rebeccaview,Seychelles,2027-05-01,2027-08-13
suggest,Stevens and Sons,Lake Zachary,Saint Vincent and the Grenadines,2027-07-31,2026-02-19
prevent,Flores Inc,Fuentesmouth,Portugal,2027-01-14,2027-10-18
expert,"Washington, Young and Salazar",Samuelstad,Nicaragua,2027-08-29,2026-01-31
employee,Reid Group,Pinedafort,Ethiopia,2026-02-08,2027-08-03
weight,"Mitchell, Petersen and Mills",Michaelborough,Finland,2026-06-09,2027-10-17
pick,Moore-Rogers,Wellsshire,Antarctica (the territory South of 60 deg S),2027-10-01,2027-12-29
something,Davila and Sons,New Kimberlyhaven,Paraguay,2027-11-30,2027-03-01
sport,Smith-Jenkins,Melanieton,Kenya,2026-09-27,2026-01-08
over,"Roy, Diaz and Levine",Davidton,Libyan Arab Jamahiriya,2027-06-14,2026-05-14
stuff,Carter PLC,West Daltonport,Guadeloupe,2027-02-10,2027-01-17
vote,Miller and Sons,North Stephanieland,Mauritius,2027-05-10,2027-09-09
our,"Dunn, Hanna and Patterson",New Leslie,South Georgia and the South Sandwich Islands,2027-04-16,2026-08-03
item,"Michael, Peterson and Cortez",Port Kellytown,Zimbabwe,2027-02-23,2027-03-22
support,Wolf-Fields,East Jodiview,Comoros,2026-12-14,2026-01-07
each,"Jones, Maldonado and Dean",North Jeffreybury,Pitcairn Islands,2027-03-25,2026-03-15
sense,Barr-Martin,Lake Chadstad,Colombia,2026-08-31,2026-12-13
authority,Hughes PLC,North Brettland,United States Minor Outlying Islands,2027-03-20,2026-10-03
heavy,Barron-Schroeder,South Kevinland,Western Sahara,2027-05-19,2026-06-30
behind,Green-Miller,South Christopher,Czech Republic,2027-08-05,2027-12-20
impact,Townsend-Jones,Chavezmouth,Qatar,2026-06-17,2027-07-20
necessary,"Campbell, Brooks and Obrien",East Ronald,Brazil,2026-02-02,2026-01-14
focus,Hoffman-Kelley,East Deanna,Russian Federation,2027-10-13,2026-12-01
board,"Morgan, West and Hernandez",Navarrostad,Madagascar,2027-06-17,2026-03-31
adult,Jones-Thomas,Shermanstad,Albania,2026-03-01,2027-05-21
culture,Robinson-Harris,West Carolyn,Cayman Islands,2026-06-28,2027-09-14
clearly,Pitts-Browning,Justinmouth,Bosnia and Herzegovina,2026-05-03,2026-06-16
low,Gibson-Townsend,Kennethville,Oman,2027-01-18,2026-10-01
cover,Carroll and Sons,South Jeffreyton,Korea,2026-02-23,2027-11-26
respond,Richardson PLC,South Ronaldberg,Anguilla,2026-06-27,2026-03-27
kind,Ware Inc,Davismouth,Japan,2026-02-13,2026-11-01
official,"Short, Johnson and Dixon",New Pamela,Costa Rica,2027-05-03,2027-01-05
trouble,"Smith, Lindsey and Arnold",North Kevinbury,Equatorial Guinea,2027-03-13,2026-12-23
add,Leonard-Harrington,South Tammyburgh,Guinea-Bissau,2027-10-21,2026-05-12
reflect,"Figueroa, Morales and Chambers",Port Dawn,Saint Barthelemy,2027-07-21,2026-08-21
appear,"Pierce, Owens and Nunez",Joshuaville,Italy,2026-02-16,2027-12-23
practice,Travis Inc,New Christopherville,Nauru,2026-04-10,2027-09-22
matter,Silva Group,Lake Maryview,Benin,2026-06-23,2026-03-04
show,"Elliott, Donaldson and Hill",Lake Katherineport,Namibia,2027-01-15,2027-04-09
interview,Wiley-Barker,South Eileen,Antarctica (the territory South of 60 deg S),2027-07-23,2027-07-20
standard,Hurst-Wright,Flowersshire,El Salvador,2027-12-09,2026-08-04
sing,Underwood and Sons,Rachelbury,Guyana,2026-03-18,2026-04-27
word,Hernandez Ltd,Lake Ronaldview,Uzbekistan,2026-04-10,2026-07-15
position,Howard Group,Jamesville,Israel,2027-02-20,2027-08-19
trouble,"Yu, Cooley and Williams",Beckerchester,United Kingdom,2026-10-13,2027-11-21
opportunity,Harvey-Fox,North Joseph,Niger,2026-08-01,2026-09-22
evidence,"Richardson, Smith and Powell",West Whitney,Djibouti,2027-05-17,2026-12-14
require,Lambert Inc,Sarahville,Croatia,2026-10-21,2027-02-09
old,"Santiago, Wood and Davis",East Cody,Saudi Arabia,2027-05-24,2027-08-21
source,Thompson-Lewis,New Dean,Turks and Caicos Islands,2027-02-20,2026-09-11
nearly,"Johnson, Bradley and Jimenez",East Emilyport,Iran,2026-07-11,2027-11-15
simple,"Watkins, Davis and Walls",New Tonyachester,Eritrea,2026-02-28,2027-07-09
similar,Williams Ltd,Davenportshire,Tokelau,2027-11-08,2026-02-26
laugh,Evans-Guerra,New Sharonmouth,Papua New Guinea,2026-03-06,2026-07-28
price,Scott-Allen,Thomasport,Ecuador,2027-01-16,2026-12-31
court,"Schmidt, Cole and Wilson",Lisaside,Isle of Man,2027-05-19,2026-12-02
send,"Williams, Rice and Castillo",Cynthiamouth,Paraguay,2026-07-19,2027-03-11
institution,Cross-Turner,Monroefurt,Ukraine,2026-06-18,2026-08-20
official,Torres-Pierce,Ashleyfurt,Vanuatu,2027-02-02,2027-03-14
like,Jones Group,East Gerald,Belgium,2026-04-01,2027-08-14
never,Lynch LLC,New Joe,Burundi,2027-05-07,2026-06-17
difference,"Ramirez, Smith and Davis",North Evan,Luxembourg,2026-06-08,2026-03-22
reduce,Leach-Rice,Andersonberg,Bulgaria,2026-07-10,2027-02-26
painting,"Cooper, Watson and Santos",East Kathleen,Turkey,2027-04-14,2027-12-15
water,Taylor Ltd,North Laurenborough,Equatorial Guinea,2027-01-31,2026-10-27
vote,Stone Inc,Lorifurt,Kyrgyz Republic,2026-03-10,2026-01-03
describe,Warren Ltd,Anthonyton,Guam,2026-08-12,2026-04-12
after,Murray-Ferguson,Lake Tammyland,Bulgaria,2027-05-23,2026-02-12
will,"Gross, Hoffman and Perry",Solismouth,Tunisia,2026-05-30,2027-12-30
country,Ho PLC,North Wesleytown,Ireland,2026-05-30,2027-06-10
table,"Humphrey, Mcclain and Thomas",South Anthonyland,Bahamas,2026-03-07,2027-08-27
piece,"Simpson, Wilson and Johnson",Port Sierrachester,Saudi Arabia,2026-01-18,2026-04-20
level,Mccormick Inc,West Claire,Mali,2026-08-03,2026-03-09
establish,Mosley-Watson,New Heatherside,Benin,2026-07-10,2027-04-23
something,King-Buck,Williamsport,Vanuatu,2026-01-10,2026-04-05
hospital,Olsen Group,Thomasshire,Afghanistan,2026-09-07,2026-03-08
account,Wallace Ltd,Michaelside,Greenland,2026-04-06,2026-04-18
ability,Morgan Group,East Valerie,Dominica,2027-06-01,2026-01-29
paper,Sellers PLC,New Ronaldmouth,Finland,2026-08-06,2027-10-18
civil,"Palmer, Wu and Weber",Port Bridget,Australia,2027-03-18,2027-07-31
school,Clarke Group,New Anthony,Lesotho,2027-07-30,2026-03-05
board,"Wilson, Reed and Jackson",Jasonland,Korea,2026-03-22,2027-03-03
and,Coffey and Sons,North Joshua,Dominican Republic,2026-12-15,2027-10-27
big,Curtis-Roberts,East Timothyport,China,2026-12-08,2027-12-08
machine,Weeks Inc,Lake Amber,Tuvalu,2027-03-18,2027-09-16
party,Davila-George,Lake Bethanyfort,Rwanda,2026-07-15,2026-08-26
effect,"Watson, Gutierrez and Hammond",West Danielle,Heard Island and McDonald Islands,2026-04-03,2026-12-01
entire,Pierce Ltd,Port Williammouth,Saint Martin,2026-08-19,2026-05-21
try,Clarke PLC,Garzahaven,China,2026-07-07,2026-03-25
hear,"Stephens, Duffy and Robinson",Kimberlyhaven,Russian Federation,2027-06-09,2027-05-14
single,Murphy-Wheeler,Alexanderhaven,Indonesia,2027-04-30,2027-07-17
meet,"Page, Gibson and Peterson",Lake Brendamouth,Qatar,2026-05-17,2027-10-30
final,Martin-Snow,Port Craig,Mozambique,2026-12-08,2026-12-26
like,Brady-Williams,Port Timothymouth,British Indian Ocean Territory (Chagos Archipelago),2027-09-13,2027-10-13
serve,Phillips Group,Jesseshire,Palestinian Territory,2027-12-02,2027-10-11
strategy,Goodwin and Sons,Cynthiabury,Marshall Islands,2026-12-15,2026-07-13
most,Wright PLC,East Nicole,Peru,2027-10-04,2027-12-28
environmental,Cabrera Group,Moralesberg,Montenegro,2027-09-13,2026-01-20
technology,Ortiz-Rush,North Karen,South Africa,2026-12-03,2026-01-15
near,Bridges Ltd,Port Patriciaville,Albania,2026-04-22,2027-08-24
court,Garcia and Sons,Hallview,Djibouti,2027-07-29,2026-08-28
far,Moran Inc,Bennettside,Venezuela,2026-10-05,2027-03-31
pretty,"Roman, Delacruz and Burke",Jenningsfort,Wallis and Futuna,2027-05-07,2027-05-08
individual,"Clark, Johnson and Reid",East Robertport,Singapore,2027-01-02,2027-06-30
white,Sosa-King,West Jamesstad,Western Sahara,2027-12-27,2027-07-01
wrong,"Mcconnell, Arias and Robinson",Perezchester,Belgium,2027-01-08,2026-09-04
involve,"Campbell, Andersen and Stephens",Allenport,Sierra Leone,2027-03-30,2026-12-19
finish,"Yu, Watson and Chapman",Port Peter,Barbados,2026-05-01,2027-09-06
board,"Villegas, Patel and Kramer",East Chelseyshire,Mongolia,2026-05-18,2026-02-24
plant,"Burns, Compton and Barrett",South Stephaniehaven,Cyprus,2027-12-15,2026-05-29
speak,Thompson-Gonzalez,Bradyville,Sri Lanka,2027-09-20,2027-04-27
position,"Sherman, Bartlett and Calderon",Skinnerburgh,France,2027-12-23,2027-01-10
mother,Barton-Collins,New Roger,Tonga,2026-10-17,2026-02-16
lot,"Evans, Walker and Frederick",South Michael,Thailand,2026-12-06,2026-03-09
dog,"Campbell, Carter and Smith",West Kaylee,Hong Kong,2027-11-11,2027-10-15
again,Perry-Watkins,Rileymouth,Palau,2027-09-06,2026-01-26
involve,"Hall, Orozco and Snyder",Spencerville,Mexico,2027-04-30,2026-01-25
agency,"Drake, Adams and Sanchez",New Evan,Croatia,2027-09-30,2026-01-13
ball,Bartlett Ltd,Novakmouth,Yemen,2026-05-23,2027-06-08
while,Miller-Crawford,Meltonview,Cambodia,2026-03-29,2026-08-23
range,Carter-Mitchell,Johnview,Burkina Faso,2027-08-24,2027-02-05
radio,Hubbard Group,New Jessicahaven,Macedonia,2027-03-03,2027-08-01
provide,"Jordan, Mcgrath and Buchanan",South Michaelchester,Liechtenstein,2026-07-31,2026-10-15
vote,Burgess and Sons,Garciaborough,Burkina Faso,2027-12-22,2026-04-15
trip,Pham Ltd,Hughesland,French Guiana,2027-01-25,2026-11-23
yeah,White-Rice,North Deborahmouth,Cuba,2026-11-22,2027-11-09
type,"Dean, Jones and Williams",Williamstad,Denmark,2027-03-07,2026-08-09
though,"Harmon, Jones and Hebert",North Haley,Cocos (Keeling) Islands,2026-08-14,2026-08-16
can,Ruiz-Jackson,Sierraview,Ukraine,2027-09-10,2027-10-08
much,Sanchez-Kane,Josephfurt,Uzbekistan,2026-07-01,2027-05-14
get,"Byrd, Harris and Bryant",South Nicole,Kuwait,2026-11-11,2027-06-22
building,Strickland-Ramos,Clarktown,New Caledonia,2026-05-28,2026-05-24
sound,Burgess-Acosta,Woodsport,Iraq,2026-03-13,2027-02-07
visit,Clark Ltd,Muellerport,Serbia,2027-05-07,2027-12-06
out,Webster-Leonard,Nicholasburgh,Saint Vincent and the Grenadines,2027-02-06,2027-11-13
century,"Horn, Rich and Porter",Malikburgh,Timor-Leste,2027-05-12,2026-01-13
piece,Moore PLC,Port Joshua,Dominican Republic,2027-08-14,2026-05-26
current,"Jackson, Burton and Blake",Jacksonport,Oman,2026-10-16,2026-01-13
money,"Mitchell, Hancock and Neal",New Christy,United States Minor Outlying Islands,2027-10-28,2027-05-28
modern,"Hall, Boone and Smith",Williamside,Mauritania,2026-07-25,2027-10-04
soon,Morris-Oconnell,Richardshire,Venezuela,2027-07-16,2026-04-23
TV,"Smith, Alvarado and Stewart",Russoberg,Netherlands,2027-09-28,2026-07-28
far,"Rios, Stevens and French",North Marymouth,Myanmar,2026-01-17,2027-03-14
total,"Dorsey, Proctor and Trujillo",New Ashleyfurt,Tokelau,2026-12-03,2027-06-02
market,Brown-Bradley,Skinnerburgh,Guam,2026-11-24,2027-10-20
beyond,Massey-Perez,Brownchester,Honduras,2026-05-10,2026-03-31
little,Thomas PLC,Phelpsborough,Saint Vincent and the Grenadines,2027-02-19,2027-03-20
most,"Martinez, Cherry and Sims",Adamsfort,Jordan,2027-08-01,2026-07-12
art,"Bartlett, Goodwin and Weaver",Smithchester,Seychelles,2026-03-28,2026-12-03
form,"Nichols, Strickland and Evans",Sarahville,Montserrat,2027-03-20,2026-03-12
party,Michael-Raymond,Suttonton,Bosnia and Herzegovina,2027-08-28,2027-02-27
hand,"Barnes, Griffin and Pierce",Fieldsshire,Denmark,2026-09-27,2026-01-09
every,Perry Ltd,Jacksonport,Andorra,2026-11-13,2026-06-02
hold,Sanchez and Sons,North Gina,Portugal,2026-04-04,2026-08-25
worry,Smith Group,Sotoside,India,2027-05-23,2027-08-18
along,Young-Brown,Parkerburgh,Croatia,2027-12-14,2027-02-07
level,"Price, Edwards and Hanson",Millerberg,Sao Tome and Principe,2026-08-01,2026-05-14
figure,Brown-Lane,Brownland,Timor-Leste,2026-01-18,2026-11-23
attack,Barry and Sons,New Angelaberg,Botswana,2026-08-24,2027-05-09
appear,"Johnson, Martin and Bush",Youngton,Faroe Islands,2026-04-06,2027-04-23
girl,Hall and Sons,Deannamouth,Saint Helena,2027-02-12,2026-03-15
population,"Cummings, Santos and Gomez",Lake Thomas,Iran,2027-09-30,2027-06-06
action,Rojas Inc,Port Haleymouth,Seychelles,2027-09-15,2027-08-22
politics,Cox and Sons,New John,Andorra,2027-06-04,2027-11-09
through,Keller-Griffin,East Michael,Israel,2026-11-21,2027-05-08
language,Huff-Murray,New Brittany,Jersey,2027-01-24,2027-08-16
police,Thompson Ltd,Richardland,Bosnia and Herzegovina,2027-06-01,2027-11-11
air,Garcia and Sons,Jamesville,Myanmar,2026-01-08,2026-02-13
matter,Maddox-Floyd,Lake Jennifer,Russian Federation,2027-09-18,2026-08-14
whether,"Evans, Durham and Obrien",Joshuahaven,Switzerland,2027-04-26,2026-03-15
here,"Young, Smith and Lewis",Jamesberg,Guinea,2027-01-17,2027-10-13
possible,Zamora-Tucker,Richardsland,Cook Islands,2027-09-02,2026-04-15
front,Rodriguez LLC,Valdezland,Sweden,2027-06-30,2027-06-16
upon,Lambert Inc,Laurafurt,Chile,2027-07-14,2026-02-20
hair,Allen Group,South Elainebury,Malaysia,2026-08-29,2026-10-26
stand,Erickson and Sons,Lake Mathewmouth,Romania,2026-01-20,2026-06-02
than,Gonzales Group,West Juliefort,Mayotte,2026-11-03,2026-09-24
field,"Ray, Smith and Barnes",South Kylie,Kenya,2027-05-22,2026-01-22
season,Lam and Sons,Montoyastad,Malta,2027-01-27,2027-08-10
hear,"Luna, Daniels and Thompson",East Brandonborough,Ethiopia,2026-10-01,2027-07-05
yet,Velazquez Ltd,Houstontown,Belarus,2026-10-19,2026-09-09
as,"Walker, Fuller and Graves",North Warren,Germany,2027-06-02,2027-03-30
stop,Barber and Sons,Lisachester,Isle of Man,2026-07-26,2027-05-24
test,"Jordan, Glass and Butler",New Robertfort,Nigeria,2027-10-27,2026-07-01
city,Mills Ltd,North Victor,El Salvador,2026-03-28,2026-05-16
feeling,Gray Ltd,Jeffreyport,Western Sahara,2027-04-04,2026-03-05
mention,Bender Group,North Justin,Barbados,2027-04-14,2027-08-04
base,Kane-Harris,Nguyenstad,Cyprus,2026-08-07,2026-09-28
the,Watts Ltd,Gavinhaven,Dominican Republic,2026-03-24,2027-05-29
very,Patterson Ltd,Austinberg,Papua New Guinea,2027-05-12,2026-07-09
evidence,"Webb, Leonard and Johnson",Marymouth,United States Minor Outlying Islands,2027-04-19,2026-07-22
factor,Garza-Simpson,North Josephfurt,Tajikistan,2026-04-10,2027-12-19
law,"Lopez, Collins and Petty",Johnsonshire,Mexico,2026-01-18,2027-03-21
low,Robertson and Sons,North Jerryport,Germany,2027-04-09,2027-05-10
few,"Mckee, Potter and Anderson",Nicolestad,Gambia,2026-12-29,2027-09-08
accept,Norris-Smith,Lake Debbie,Falkland Islands (Malvinas),2027-10-29,2026-03-26
likely,Rodriguez-Pennington,East Saramouth,Timor-Leste,2026-08-20,2027-03-03
education,Patrick-Odonnell,Meganton,Azerbaijan,2026-12-09,2026-04-15
provide,Gutierrez-Williams,Stephanieburgh,Christmas Island,2027-03-19,2026-12-18
million,Little LLC,Marshallshire,Poland,2027-11-02,2027-08-22
manage,"Brooks, Murphy and Wells",Shieldsside,Bahamas,2027-07-12,2027-06-12
Congress,Campbell-Smith,East Alicia,Tonga,2026-06-18,2027-03-13
become,"Mitchell, Patton and Cannon",West Jonathanmouth,French Southern Territories,2027-08-26,2027-06-02
way,Graves-Stephens,Chavezchester,Cote d'Ivoire,2027-01-07,2027-01-10
school,Harper Inc,North Michelle,Turkey,2026-01-10,2027-01-11
ask,"Davis, Lee and Butler",Mcclainmouth,Algeria,2026-05-07,2027-02-23
ground,Harris LLC,Leslieside,Armenia,2026-09-11,2027-10-11
small,Page-Harrell,North Michelleshire,Pitcairn Islands,2026-08-24,2026-04-01
hundred,Ramos-Weaver,Tylertown,Maldives,2026-07-01,2027-11-14
soldier,Vargas PLC,South Tanyastad,Turkey,2027-01-20,2026-04-03
more,King-Hansen,Alvarezmouth,Benin,2027-05-15,2026-04-08
red,Walker PLC,Lake Paulhaven,Georgia,2027-02-25,2026-09-22
tax,Stark Ltd,Lake James,Solomon Islands,2027-07-01,2026-09-25
many,Davis Inc,West Courtneyland,Svalbard & Jan Mayen Islands,2027-01-02,2026-05-18
tell,"Arnold, Bass and Johnson",Fisherhaven,Nicaragua,2026-03-06,2027-09-10
against,Liu-Pierce,East Tonyhaven,Lao People's Democratic Republic,2026-09-20,2026-01-17
hotel,Jones Group,Port Bernard,United Arab Emirates,2026-03-08,2027-10-05
eat,Duncan and Sons,Port Alexis,China,2027-06-14,2026-08-26
animal,Chavez and Sons,New Tammy,Qatar,2027-11-25,2027-11-17
would,"Gutierrez, Miller and Salinas",Maxwelltown,Turkmenistan,2026-10-28,2026-09-24
particular,Bennett-Decker,North Misty,Bermuda,2026-05-12,2026-02-01
which,"Guzman, Bennett and Stewart",West Amber,Slovakia (Slovak Republic),2027-06-08,2026-04-02
tonight,Diaz-Townsend,South Richard,Bouvet Island (Bouvetoya),2026-10-08,2027-01-04
charge,Jenkins-Moore,South Whitneychester,Jamaica,2026-09-13,2027-10-27
religious,Combs-Rodgers,Lake Josephview,Myanmar,2026-07-10,2027-09-09
often,"Turner, Miller and Smith",Camposhaven,Tunisia,2027-01-21,2027-04-21
hit,Jackson and Sons,New Stephanieport,Armenia,2027-04-07,2026-06-09
perform,Jones Inc,Johnland,Panama,2026-09-04,2027-05-31
spend,Shea-Kelly,South Mariaville,Spain,2026-10-03,2026-09-24
well,Frederick Group,Lake Lindseyfurt,Sierra Leone,2027-12-30,2027-03-22
mother,Hickman and Sons,New Pamela,Grenada,2026-09-14,2027-10-19
picture,Foley Ltd,Hubershire,Jersey,2026-11-29,2027-12-27
there,"Duncan, Allen and May",West Elizabethport,Barbados,2026-02-28,2027-12-09
lawyer,West-Anderson,West Christopherborough,Cocos (Keeling) Islands,2026-09-18,2026-05-09
what,Russell-Randolph,Jonathontown,Cote d'Ivoire,2027-07-15,2026-02-15
check,"Kemp, Baker and Blevins",North Stephenport,Greenland,2026-08-05,2027-05-26
two,Thomas PLC,South Jeffrey,Sri Lanka,2027-04-29,2027-06-23
theory,Cannon Inc,Port Hector,Congo,2027-02-04,2026-10-05
interesting,Gonzalez-Hernandez,Sanchezland,United States Virgin Islands,2027-07-04,2027-04-28
Republican,"Hamilton, Martin and Booth",West James,Luxembourg,2026-02-15,2026-07-11
heart,Cooper-Gibson,East Joyland,Falkland Islands (Malvinas),2027-06-22,2026-09-06
turn,Taylor Ltd,Markport,Macedonia,2026-04-02,2027-12-03
military,"Ramos, Garza and Murphy",Powellhaven,Malaysia,2027-03-01,2027-11-17
recently,"Colon, Yoder and Mitchell",Sarahhaven,Burundi,2027-04-09,2027-12-21
defense,Frank Group,Jenniferberg,Ghana,2027-03-14,2026-02-09
skin,"Donovan, Perry and Hicks",South Riley,Chad,2027-12-12,2027-09-16
inside,Golden-Fisher,Lake Meghan,Libyan Arab Jamahiriya,2027-02-19,2026-11-05
adult,Evans-Coleman,Tonyside,Philippines,2027-07-04,2026-11-13
receive,Lane Inc,West Aaronview,Oman,2027-06-01,2026-03-10
page,Munoz Ltd,Rebeccaborough,Kuwait,2027-10-23,2027-12-13
nice,Ward PLC,West Lisa,Lebanon,2027-04-05,2026-04-08
thank,"Cruz, Thomas and Caldwell",Port Melissastad,Lebanon,2026-11-26,2027-07-26
himself,"Mitchell, Costa and Ramirez",Port Colleen,Lithuania,2027-06-27,2027-03-09
behavior,Cummings PLC,Hendersonville,United Kingdom,2026-01-13,2027-06-06
manager,"Vaughan, Morton and Hernandez",Stephenschester,Lesotho,2026-11-29,2026-09-07
produce,Johnson-Bowman,Brittneyview,Angola,2027-03-06,2026-07-03
mother,Delgado-Bell,Port Dylan,Cocos (Keeling) Islands,2026-04-29,2026-10-12
production,"Erickson, Dixon and Carson",Lake Hollyshire,Fiji,2027-01-28,2027-07-14
east,Murphy-Cordova,South Douglasland,Guatemala,2026-10-18,2026-04-28
network,"Dyer, Neal and Sanders",Ramirezchester,Saint Pierre and Miquelon,2026-10-25,2027-04-13
unit,"Carrillo, Simmons and Fisher",Port Danielland,New Zealand,2026-07-28,2026-10-29
technology,Jackson-Marshall,Port Bobbyhaven,United Kingdom,2027-02-28,2026-02-08
weight,Kaiser Inc,Kentstad,Jersey,2026-09-26,2027-02-14
anything,Daniel-Douglas,North Jaybury,Korea,2027-10-28,2026-06-21
sign,"Williams, Cohen and Liu",South Paulaside,Heard Island and McDonald Islands,2026-08-19,2026-12-09
house,Rogers and Sons,Leonardport,Peru,2027-11-06,2026-02-09
eight,Odonnell Inc,East Alexanderborough,Aruba,2026-10-30,2027-10-27
probably,"Matthews, French and Adams",West Tonyachester,Armenia,2027-10-04,2027-01-16
two,Benson-Wheeler,Lake Dianetown,Mexico,2027-07-03,2027-11-28
father,Murillo Group,Albertland,Denmark,2026-08-27,2026-08-09
financial,Hall-Michael,North Jessicaton,Madagascar,2026-05-09,2026-11-27
character,Braun LLC,New Erica,Papua New Guinea,2027-05-03,2027-03-11
phone,Serrano Group,South Michaelland,Greenland,2026-04-03,2026-05-04
better,Spencer-Benjamin,Catherineport,Japan,2026-05-02,2026-08-28
yourself,Hernandez PLC,North Melissashire,Sierra Leone,2026-06-13,2027-10-14
claim,Austin-Pierce,Tonyport,Uruguay,2027-11-04,2026-07-20
along,Reed-Ochoa,West Michael,Antarctica (the territory South of 60 deg S),2027-10-30,2026-11-19
large,Castillo-Hernandez,Schneiderside,Micronesia,2026-12-09,2027-04-21
learn,"Hernandez, Weber and Kaufman",Kimmouth,Netherlands Antilles,2027-08-19,2026-03-16
tonight,Garcia-Walker,Gibbsberg,Ireland,2026-06-01,2026-05-01
reality,Soto Ltd,East Sabrinaville,Mayotte,2026-09-25,2026-11-04
between,Gonzales Inc,Rogersberg,Papua New Guinea,2026-04-21,2027-06-24
hold,Freeman-Norton,Vanessatown,Liberia,2027-08-25,2027-09-28
forward,"Bell, Patterson and Bass",Lake Logan,Gabon,2027-02-09,2027-10-20
true,Hart-Thompson,Heatherberg,Bermuda,2026-08-25,2026-08-04
environmental,Carroll-White,Shawnhaven,Sudan,2027-07-01,2026-10-07
resource,"Martin, Beck and Cooke",Ryanburgh,Zimbabwe,2026-01-19,2026-01-07
cup,Winters and Sons,Johnshire,Tajikistan,2026-02-13,2027-11-18
as,Wells-Lloyd,Lake Alexborough,Bolivia,2027-05-18,2026-03-21
former,Brown-Raymond,Lake Donnaland,Northern Mariana Islands,2027-02-06,2026-02-18
ask,Meyer-Day,Tinahaven,Germany,2027-05-10,2027-07-29
begin,Rodriguez and Sons,West Williamtown,Montserrat,2027-03-15,2027-03-30
finally,Miller Group,Harpertown,Mozambique,2027-03-31,2027-01-21
state,Jones-Ford,Pageton,Guatemala,2027-02-28,2027-07-09
around,Johnson-Little,Wrighthaven,Lebanon,2027-03-22,2026-04-18
evening,James PLC,New Emily,Brunei Darussalam,2026-02-01,2027-08-26
role,Horton Ltd,Perkinsmouth,Mayotte,2027-03-01,2026-05-17
beyond,Suarez-Stevenson,South Janet,Taiwan,2026-09-04,2027-03-06
inside,Smith Inc,New Julian,Ecuador,2026-05-28,2026-12-30
set,Singleton Inc,West Benjaminchester,Uganda,2027-01-28,2027-09-17
help,Gutierrez-Mcdonald,Brentborough,Cuba,2027-03-02,2027-09-11
understand,Medina LLC,Gilbertmouth,Oman,2026-07-18,2027-03-17
student,Oconnell-Adkins,Lake Anthony,Tuvalu,2027-07-28,2026-04-24
play,"Thomas, Downs and Torres",South Jeffrey,San Marino,2026-03-14,2027-09-08
oil,Santiago and Sons,Robinsonmouth,Bouvet Island (Bouvetoya),2027-01-03,2026-05-14
forward,Adams Ltd,East Jessicaside,Montserrat,2026-06-06,2026-01-09
religious,Kelly-Martinez,Goldenmouth,Russian Federation,2027-10-05,2027-10-16
resource,Wolfe-Gonzalez,North Annettetown,Monaco,2026-04-27,2027-04-10
often,Miller Group,Caitlinside,Vanuatu,2026-10-24,2027-09-06
prevent,Johnson PLC,Lake Jasonville,Slovakia (Slovak Republic),2026-01-05,2027-11-16
already,Miller-Gamble,Lake Cynthia,Burkina Faso,2026-11-09,2027-03-20
society,Marquez PLC,South Joel,Macedonia,2026-10-18,2027-12-16
so,Cook PLC,Port Teresa,Iraq,2027-01-12,2026-11-07
window,"Wright, Mathews and Richardson",Griffinfurt,Gabon,2026-11-03,2026-06-12
first,Kelley and Sons,Lisaberg,India,2027-11-04,2026-08-27
whether,"Mcdonald, Davis and Mcmillan",South Jasmine,Greece,2027-08-30,2027-07-29
direction,Kidd LLC,South Victoria,Samoa,2027-05-29,2027-07-20
there,"Rios, Hess and Miranda",West Cynthiaville,Northern Mariana Islands,2026-08-31,2027-09-03
threat,"Perez, Golden and Rodriguez",North Craigton,Antarctica (the territory South of 60 deg S),2027-07-11,2027-07-04
store,Skinner-Williams,Munozville,Reunion,2027-07-08,2027-06-19
approach,Perkins-Campbell,Lake Tinamouth,Bahrain,2027-01-18,2026-07-29
record,Tran-Garcia,South Andrew,Angola,2027-04-14,2027-01-07
age,"Johnson, French and Jones",North Lisamouth,Armenia,2027-05-08,2026-10-05
such,Mcintyre-Smith,Louishaven,British Virgin Islands,2027-09-02,2027-09-15
whole,Marshall-Jones,North Candacechester,Equatorial Guinea,2027-10-25,2027-09-10
or,Roberts LLC,Juliabury,Saint Pierre and Miquelon,2027-01-31,2026-05-17
skill,Pratt Group,East Madison,Mexico,2027-11-04,2027-07-26
per,"Mullen, Johnson and Delgado",Warrenstad,Tajikistan,2026-11-26,2026-11-23
truth,Bullock LLC,Michellestad,Holy See (Vatican City State),2026-10-04,2026-06-23
notice,"Buck, Hansen and Hernandez",West Rickeyfort,Malaysia,2027-05-26,2026-12-30
these,Bell LLC,South Anthony,Rwanda,2026-11-23,2026-10-31
trial,"Lopez, Nguyen and Ingram",West Zachary,Wallis and Futuna,2026-11-27,2026-07-30
far,Anderson-Hutchinson,Lyonsmouth,Nigeria,2026-04-12,2027-06-19
eat,"Mclaughlin, Ellis and Wells",Hannahland,Japan,2027-08-28,2026-05-14
perform,"Robinson, Lee and Beck",North Patrickport,Macedonia,2026-03-10,2026-10-15
sure,Sloan-Martin,Garrettberg,Sudan,2027-09-07,2026-04-27
take,Wilson-Baker,Sharonstad,Djibouti,2026-12-19,2027-09-14
act,Olson and Sons,Carrollland,Iran,2027-12-08,2027-06-24
strong,"Howell, Brown and Small",Raymondmouth,Marshall Islands,2027-04-16,2026-06-07
form,"Montes, Lewis and Pineda",Jonesbury,Christmas Island,2026-01-01,2026-02-08
draw,"Rivera, Robertson and Reilly",South Latoya,Swaziland,2027-07-17,2026-04-05
suffer,Wilson-Wallace,New Megan,Reunion,2026-09-15,2026-05-05
city,Zamora Ltd,Andrewport,Dominican Republic,2026-09-11,2026-05-07
mention,Mayo-Ryan,New Robertmouth,Guyana,2026-03-10,2027-12-12
she,Garcia-Atkins,Garyfurt,Hungary,2026-04-23,2027-05-31
each,Shelton and Sons,West Joshua,Qatar,2026-08-07,2027-09-19
better,Larson-Sutton,Lake Joel,Marshall Islands,2026-09-29,2026-11-27
cold,Rose-Lopez,Vincentburgh,United States Minor Outlying Islands,2027-07-24,2026-07-18
never,Rodriguez Inc,Mendozamouth,Australia,2026-07-26,2027-01-15
somebody,"Phillips, Ramsey and Perez",South Patrick,Austria,2026-03-11,2027-09-02
effect,Foster Group,Lake Jade,Guinea-Bissau,2026-04-17,2027-03-02
offer,"Chang, Gonzales and Bailey",East Angelafort,French Southern Territories,2027-10-17,2027-12-03
maintain,"Stephens, Bowman and Cochran",Richardshire,Angola,2026-08-12,2027-01-10
and,Goodman PLC,Howardfort,Portugal,2027-06-01,2027-09-03
ball,Allen-Elliott,New Cheryl,United States Virgin Islands,2027-07-05,2027-05-21
phone,Edwards-Davidson,South Aaron,Guadeloupe,2027-01-26,2027-11-22
almost,Erickson-Valdez,Joshuaview,Kyrgyz Republic,2027-04-09,2027-03-18
body,Kelly Inc,South Melissaside,South Georgia and the South Sandwich Islands,2027-05-04,2026-06-26
condition,Foster LLC,Stricklandmouth,Nauru,2027-04-15,2026-01-22
pressure,Fox Group,Keithville,Venezuela,2026-04-16,2026-12-08
improve,Henderson Group,New Nathan,Sierra Leone,2026-12-14,2027-11-06
ability,"Evans, Becker and Williams",North Blake,Mali,2027-04-16,2027-10-18
along,"Boyle, Taylor and Gutierrez",Port David,Guadeloupe,2026-01-23,2026-01-05
happen,Black-Good,Heatherfort,Saint Martin,2026-12-15,2027-03-01
draw,York-Barnes,Harrisfort,Namibia,2027-08-11,2026-01-06
item,Lowery-Hall,Greggshire,Vanuatu,2026-05-24,2026-07-25
stuff,Barnes-Bernard,New Sallyhaven,Haiti,2027-03-02,2027-01-04
east,Luna Group,Natalieburgh,Wallis and Futuna,2027-03-14,2027-06-28
federal,Powell-Howell,Ryanport,Solomon Islands,2026-04-12,2027-03-18
camera,"Gill, Knight and Clark",Clarkland,Monaco,2027-09-13,2027-12-25
industry,"Love, Parker and Walker",Cassidymouth,Saint Helena,2026-12-11,2026-05-30
because,Fuller Inc,Sloanchester,Pitcairn Islands,2026-05-14,2027-09-29
fill,Garcia PLC,Bairdburgh,Northern Mariana Islands,2026-08-17,2026-01-12
question,Hoffman Ltd,Grimestown,Paraguay,2027-10-04,2026-05-15
strong,Grimes-Bell,Ralphshire,Dominican Republic,2027-09-14,2027-03-09
toward,Horn-Wilson,Richardland,Seychelles,2026-12-16,2026-01-26
picture,"Strong, Barnes and Galloway",South Sarabury,Austria,2027-06-18,2026-10-10
value,Lopez PLC,Anneview,Macao,2026-12-12,2026-03-20
nor,Mccann-Lee,Griffinhaven,Georgia,2027-08-01,2027-03-25
today,Wallace-Park,Port Amandaside,Niue,2027-04-27,2027-05-09
instead,Cain PLC,Nelsonberg,Falkland Islands (Malvinas),2027-01-26,2026-07-14
paper,"Valentine, Johnson and Rojas",Taylorview,Hong Kong,2027-08-10,2027-09-12
different,Harris-Trujillo,Gilbertville,Romania,2026-08-14,2027-12-16
himself,"Houston, Schneider and Sullivan",New Matthewchester,Mayotte,2026-08-23,2026-09-11
building,Parker-Page,Lake Kathleenshire,Bahrain,2026-08-07,2026-01-16
article,"Brown, Taylor and Vega",Danielland,Mongolia,2026-09-10,2026-06-10
peace,Mayer-Erickson,Williamsonfort,San Marino,2027-09-02,2026-11-07
security,Hall Group,Port Patriciaton,Ukraine,2027-11-14,2026-09-14
smile,Anderson-Wells,West Jacobville,British Indian Ocean Territory (Chagos Archipelago),2026-05-24,2027-04-26
situation,Craig-Gates,Jefferyside,Northern Mariana Islands,2026-08-30,2027-07-04
image,Fritz-Lee,Elizabethland,Eritrea,2026-01-14,2027-01-07
marriage,"Taylor, Williams and Lopez",Craigmouth,Swaziland,2027-08-04,2026-12-10
author,Garner-Decker,North Michellechester,India,2026-11-19,2027-02-20
growth,"Dunn, Johnson and Mcdaniel",New Michaelville,Sweden,2027-02-03,2026-06-28
nor,Barnett-Adams,South Rebeccamouth,Djibouti,2026-12-27,2026-12-30
suddenly,Roy LLC,Lawsonfort,Cocos (Keeling) Islands,2026-12-14,2026-06-26
specific,Brown-Key,South Jameshaven,Hungary,2026-10-14,2026-07-22
huge,Miller-Sanders,North Riley,Montserrat,2027-09-02,2027-05-30
year,Pierce Ltd,Lake Tammystad,Montserrat,2026-10-01,2026-07-16
health,"Payne, James and Esparza",Coxside,Maldives,2027-04-04,2027-06-08
fast,"Swanson, Scott and Schneider",Lake Michael,Benin,2026-03-19,2026-02-12
pull,Hernandez-Cohen,Hollandstad,Australia,2027-09-30,2027-08-21
student,Sanford-Ware,South Jacobview,Albania,2027-09-27,2027-01-09
eye,"Fowler, Long and Parker",Lake Steven,Saint Martin,2027-05-28,2026-09-22
big,"Wilson, Moyer and Kelly",Port Mary,Czech Republic,2027-11-11,2026-09-26
this,Hernandez PLC,East Henry,French Guiana,2026-06-17,2026-04-03
decide,Davis Ltd,Lake Davidfurt,Yemen,2027-05-18,2026-05-07
election,"Singh, Dudley and Haas",Kevintown,Guatemala,2026-12-05,2027-11-13
movement,Avery-Fox,Bowmantown,Portugal,2026-10-24,2026-08-27
authority,"Stephens, Perkins and Thompson",Hubbardchester,Australia,2027-11-21,2026-06-13
dog,Hoffman Group,North Chelsea,British Indian Ocean Territory (Chagos Archipelago),2027-10-24,2026-03-20
month,Jones-Rich,Lake Mackenzie,Bulgaria,2027-06-19,2027-01-06
receive,Rodriguez-Rogers,Terryland,Panama,2026-07-30,2026-02-19
might,"Mann, Elliott and Wilson",Port Joel,Czech Republic,2027-01-14,2026-12-04
want,"Lee, Smith and Garcia",Brownfurt,Montenegro,2026-01-12,2026-02-16
about,Porter-Chavez,West Kimberlystad,Vietnam,2026-12-07,2026-03-31
bill,Owens-Williams,East Summertown,Angola,2026-03-22,2026-11-07
miss,"Burnett, Martin and Wood",Lake Teresa,Saint Barthelemy,2027-03-01,2027-05-25
benefit,Lee-Burch,New Mariashire,American Samoa,2026-01-20,2027-02-15
factor,Norris-Clark,North Amychester,Barbados,2026-10-01,2026-03-11
force,"Nichols, Evans and Lowe",Websterville,Guyana,2026-11-12,2027-08-15
kid,Smith and Sons,New Jessicachester,United Kingdom,2027-05-30,2027-09-03
future,"Andersen, Hopkins and Velasquez",Whitetown,Marshall Islands,2026-07-05,2027-01-24
growth,"Chandler, Wright and Aguilar",South Phillip,San Marino,2027-04-21,2027-12-17
certainly,Taylor-Rosales,Stevestad,Greece,2026-09-15,2026-11-10
them,Pacheco-Hernandez,Lynnmouth,Hungary,2027-07-11,2027-10-17
phone,"Perry, Vasquez and Sellers",Lake Lisa,Cameroon,2026-10-23,2026-09-01
throughout,Lewis Ltd,East Andrewbury,Western Sahara,2026-12-13,2026-07-02
appear,Nelson LLC,West Richard,Cyprus,2027-01-03,2026-01-05
town,"Black, Bishop and Nixon",New Joyce,Latvia,2026-08-26,2026-06-23
brother,Friedman and Sons,Jonathanville,Mexico,2026-12-21,2027-09-09
popular,"Lewis, Medina and Gaines",Lake Michael,Gambia,2027-01-24,2027-07-30
finish,King-Castillo,Jenniferborough,Nepal,2027-05-24,2027-07-15
resource,Jarvis-Fox,West Andrew,Kenya,2026-05-02,2026-10-04
life,Ortiz and Sons,West Amanda,Australia,2026-03-02,2027-10-06
treatment,"Larson, Charles and Warren",New Bradberg,Kyrgyz Republic,2027-10-18,2027-02-05
now,Henry-Parrish,Collinsshire,Tuvalu,2027-02-11,2026-08-29
eight,"Tyler, Gonzalez and Cox",West Sylviabury,Chad,2026-03-08,2027-04-03
join,Weiss-Martinez,Hermanchester,Germany,2026-01-24,2026-03-16
hand,Cross-Schneider,Evansville,Djibouti,2026-07-01,2027-11-21
hit,"Morrow, Kelly and Parker",Transide,Eritrea,2026-08-11,2026-10-05
inside,Harmon Ltd,North Yesenia,Uganda,2027-01-07,2026-02-19
red,Murphy Group,Matthewberg,Macao,2027-08-30,2026-06-24
clear,Johnson Group,Leeport,Djibouti,2026-08-11,2027-07-03
similar,"Cobb, Elliott and Turner",South Martin,Svalbard & Jan Mayen Islands,2027-04-27,2026-10-02
third,"Powell, Casey and Jenkins",Vaughnview,Anguilla,2026-09-24,2026-01-21
such,Brown Ltd,Piercehaven,Central African Republic,2026-02-25,2026-09-12
go,King PLC,Smithburgh,Botswana,2027-06-22,2027-01-05
might,"Moore, Hayes and Stephens",North Alexanderberg,Martinique,2027-09-30,2027-10-05
art,"Rodriguez, Booker and Salazar",Port Michaelfort,Malaysia,2027-03-20,2027-01-06
sort,"Flores, Crawford and Welch",South Jamesshire,Pakistan,2027-04-08,2026-05-29
rich,"Stewart, Garcia and Marquez",Deborahshire,Sweden,2026-02-11,2026-03-13
wind,Vargas Inc,Kingtown,Bosnia and Herzegovina,2026-03-24,2027-05-03
possible,Douglas-Mendoza,Thompsonburgh,South Africa,2027-09-14,2027-08-25
ability,Allison-Mclaughlin,Quinntown,Swaziland,2026-02-02,2027-09-17
identify,"Mendoza, Lopez and Berry",New Michael,Philippines,2027-03-18,2027-04-07
institution,Collins Group,Marystad,Lao People's Democratic Republic,2026-07-14,2027-10-29
bit,Everett and Sons,East Sandra,Belarus,2027-11-08,2027-05-25
yet,Peters Ltd,Brayburgh,Lebanon,2026-12-11,2027-12-14
store,"Petty, Berry and Hart",Mariachester,Gambia,2027-12-17,2027-05-21
maintain,Calderon Inc,Danielstad,Georgia,2027-03-08,2027-11-04
reflect,Andrews-Brown,Thomasberg,Indonesia,2027-02-04,2027-05-26
third,"Young, Rogers and Hart",North Cheryl,Switzerland,2027-06-04,2026-02-16
represent,Griffith LLC,New Ericaborough,United Kingdom,2026-02-26,2027-12-23
since,Beck-Guerrero,Hullbury,Ghana,2027-04-21,2027-10-15
what,Johnson LLC,Williamston,Saint Kitts and Nevis,2027-06-25,2026-05-06
now,"Brewer, Jacobs and Mathis",Port Jessica,Bahamas,2026-12-26,2026-05-07
usually,Mccarthy-Bolton,Davidhaven,United Kingdom,2027-11-30,2026-05-18
message,"Elliott, Turner and Hernandez",Charlesside,Sudan,2027-09-25,2026-03-25
approach,Martinez Ltd,West Feliciaburgh,Bahamas,2026-06-26,2027-07-04
performance,Petersen-Sullivan,West Fernandochester,Trinidad and Tobago,2027-08-11,2026-11-20
receive,Davis-Brooks,Blackshire,Belarus,2027-07-01,2027-05-01
city,"Butler, Smith and Jordan",Brayton,Niue,2027-11-18,2026-04-17
rather,Dickson-Ellis,Mcgeeborough,New Caledonia,2027-10-11,2026-05-02
soon,Schmidt PLC,West Jamesstad,Sao Tome and Principe,2026-01-12,2026-01-28
few,Mckinney PLC,Joshualand,Monaco,2027-07-08,2026-09-05
air,Weaver and Sons,East Franklin,Guyana,2027-02-03,2027-08-01
property,"Reyes, Turner and Gonzalez",Johnland,Mexico,2026-11-12,2026-12-14
commercial,Silva-Jones,Hallshire,Saudi Arabia,2026-08-03,2026-03-23
indeed,"Rogers, Dawson and Young",Lake Wendy,Northern Mariana Islands,2026-06-19,2026-06-03
scientist,"Davis, Smith and Fisher",North Steven,Philippines,2026-07-18,2026-12-31
write,"Todd, Johnson and Joseph",South Maxwellfurt,French Polynesia,2026-05-09,2026-09-16
agent,Boone-Rodriguez,South Mitchellshire,Greece,2027-08-14,2026-04-27
tell,Mcdaniel and Sons,Brittanyhaven,Venezuela,2027-11-03,2026-03-16
arrive,Thomas-Price,Lindaton,Serbia,2026-04-24,2027-03-25
wide,"Joseph, Porter and King",Lake Heidiville,Tajikistan,2026-07-09,2027-12-08
security,"Herrera, Taylor and Anderson",Lake Robinstad,Austria,2027-03-02,2027-05-14
field,Brown PLC,Dawnborough,Zimbabwe,2027-10-28,2026-12-25
arrive,Hernandez PLC,West Veronicaside,United Kingdom,2026-01-11,2026-07-01
base,Pineda Ltd,North Gregory,Lao People's Democratic Republic,2027-04-12,2027-04-16
when,Lee Group,Christymouth,Canada,2026-09-06,2027-10-24
fear,Watson Ltd,South Peterville,United States of America,2026-06-24,2027-01-05
appear,Webb Ltd,Alexanderfort,Lao People's Democratic Republic,2027-10-11,2026-08-30
design,Davis-Townsend,Contrerashaven,Botswana,2026-07-04,2027-08-16
could,Gay-Rich,South Gene,Kiribati,2027-05-22,2027-08-23
someone,Chambers Inc,Charlesside,Mayotte,2027-12-17,2026-08-09
talk,Cole and Sons,East Tiffanyfort,Cameroon,2027-11-13,2027-04-18
particular,"Torres, Turner and Moore",Clarkeland,Nicaragua,2026-04-11,2026-06-14
head,Allison and Sons,Kevinberg,Brazil,2027-12-20,2027-08-08
drug,"Jimenez, Mathews and Warren",South Michaelaton,Brazil,2026-05-12,2026-04-05
smile,"Rivera, Richards and Zhang",Brettview,Armenia,2027-06-19,2027-03-01
at,Benson-Gonzalez,Weaverland,Kiribati,2027-07-02,2027-09-24
there,"Rodriguez, Coleman and Harrington",Collinfurt,Hungary,2026-02-07,2027-03-04
full,Delacruz-Rivas,Sandersburgh,Samoa,2027-10-03,2026-02-05
ready,Conrad-Wilson,Gregoryland,Belgium,2027-11-02,2026-12-15
collection,"Medina, Haynes and Ballard",New Marthaton,Ethiopia,2027-08-09,2027-05-25
smile,Adams-Olsen,North Collin,Macedonia,2027-10-15,2027-10-01
east,Spears-Conrad,Bauermouth,French Polynesia,2027-07-24,2027-01-30
break,"Gray, Jenkins and Buchanan",Jonathanton,Macao,2027-04-26,2026-12-12
feeling,"Gallegos, Fernandez and Mason",Mcdonaldside,Dominica,2027-09-02,2027-11-16
experience,Montes-Fuller,Port Brandon,Panama,2026-08-28,2026-08-11
later,Daniel Group,South Laurafurt,Serbia,2027-11-01,2027-06-22
TV,Espinoza-Edwards,West John,Togo,2027-05-31,2026-05-08
need,Harris and Sons,Port Erica,Kyrgyz Republic,2026-08-05,2027-05-26
several,"Brown, Short and Hodges",Michaelview,Romania,2027-05-14,2027-08-08
western,Cook-Rios,South Jackie,Panama,2027-09-02,2027-03-11
if,"Owen, Davis and Andrews",Muellerview,Mongolia,2027-07-01,2026-07-10
what,Ho LLC,Deanview,Moldova,2027-11-06,2026-02-17
cost,Barber Ltd,New Jeffreyfurt,Cape Verde,2026-09-12,2026-11-02
heavy,Sweeney-Johnson,Jamesstad,Western Sahara,2027-01-13,2026-12-25
end,Dixon LLC,New Tiffany,Bermuda,2026-09-21,2027-03-05
good,Gray Ltd,Jennifershire,Northern Mariana Islands,2026-10-26,2026-02-03
try,"Padilla, Kaiser and Ryan",West Jeremychester,Congo,2026-05-24,2027-06-01
future,Mack-Walker,New Courtneyfort,Greenland,2026-12-22,2027-09-18
ask,Stevens Ltd,Millerfurt,Germany,2026-01-02,2026-08-21
point,Morris-James,Torresstad,Jamaica,2026-01-21,2026-02-22
mind,"Campbell, Lyons and Herring",Bryantstad,Cyprus,2027-04-30,2027-02-01
stop,"Stevens, Castillo and Flores",Archerton,Anguilla,2027-04-28,2027-09-27
seat,"Smith, Love and Hall",Josephfurt,Togo,2027-12-06,2026-11-16
respond,Boyer and Sons,North Tanner,Tokelau,2026-02-23,2026-03-12
energy,"Harrison, Sullivan and Rivera",South Tracey,Philippines,2027-04-19,2027-04-14
space,Weber-Roberson,Port Patriciaport,American Samoa,2026-01-08,2027-10-06
during,Jones Group,East Amy,Lithuania,2026-05-21,2027-12-02
south,Ellis-Ray,West Laura,Bolivia,2026-01-27,2027-01-26
civil,"Carlson, Scott and Douglas",Taylorstad,Christmas Island,2027-02-07,2026-02-21
hour,Valdez Ltd,Fuenteshaven,Portugal,2027-08-16,2027-12-22
by,"Moran, Callahan and Garcia",Sarahside,Qatar,2026-05-16,2027-08-08
environmental,Thompson LLC,Lake James,Honduras,2027-02-24,2026-01-20
place,Mitchell-Hall,Ryanhaven,Argentina,2026-12-09,2026-01-03
professional,Morrison LLC,New Ana,Denmark,2026-09-07,2027-08-09
final,Sullivan-Huff,South Kristine,Ghana,2026-01-01,2027-06-19
business,Barnes-Harding,Lawsonview,Central African Republic,2026-12-01,2026-01-19
care,Harris-Jennings,Haasview,Moldova,2027-11-19,2027-03-08
home,"Mccoy, Boyle and Lewis",Lake Diana,Somalia,2027-11-25,2026-01-06
because,Jimenez-Page,Lake Timothytown,Liberia,2026-11-10,2027-02-07
cold,"Myers, Freeman and Harris",Caitlinchester,Jamaica,2027-09-11,2026-10-25
participant,"Garcia, Powell and Lee",Amandamouth,Uruguay,2026-01-23,2026-02-01
short,Leonard-Miller,South Jennifer,Mauritania,2027-06-30,2027-12-23
media,"Walker, Vega and Hester",Longburgh,Italy,2026-11-26,2026-02-03
meet,Richards Inc,Lake Andrewmouth,Guyana,2027-08-10,2027-06-03
forward,Chambers Group,South Michael,Cote d'Ivoire,2026-04-06,2027-02-24
also,Fischer-Hensley,Lake Donald,Canada,2027-04-05,2026-12-09
only,Webb-James,West Karenstad,San Marino,2027-10-01,2027-06-12
subject,Wilkinson Group,West Meganmouth,Belarus,2027-05-25,2027-01-02
build,Chavez LLC,West Jennifer,Kuwait,2027-03-14,2027-10-12
bill,Rodriguez and Sons,Turnerfort,British Indian Ocean Territory (Chagos Archipelago),2027-02-23,2026-08-27
left,"Carpenter, Acosta and Marks",Kellystad,Denmark,2027-08-05,2026-01-11
event,"Reyes, Cox and Rowland",West Johnhaven,Falkland Islands (Malvinas),2027-03-04,2027-05-11
always,Herring-Lopez,Caseyland,Bermuda,2026-11-27,2026-01-23
short,"Lopez, Ortiz and Burke",Mariaview,Montenegro,2026-04-01,2026-02-12
through,Johnson-Schwartz,Mullinsborough,South Africa,2026-12-17,2027-11-26
two,"Brown, Reyes and Ramirez",Randymouth,United States of America,2026-06-25,2027-11-10
support,"Adams, Spencer and Hardy",Anthonyburgh,Tunisia,2027-03-15,2026-03-07
raise,Hall-Morales,West Virginiashire,Mongolia,2027-10-22,2027-05-08
serious,Johnson LLC,New David,Estonia,2026-11-24,2027-01-19
the,Evans-Trujillo,North Amy,South Africa,2027-09-21,2027-02-15
charge,"Hunter, Wells and Nelson",Courtneymouth,Portugal,2026-04-27,2026-08-21
serve,Briggs LLC,Port Kyle,Seychelles,2026-10-27,2027-02-22
focus,"Phillips, Olsen and Gonzales",West Robert,Gibraltar,2026-03-20,2026-05-19
spring,Salinas-Hopkins,Smithland,Hong Kong,2027-06-28,2026-02-22
bar,Guzman-Williams,Port Louis,Belize,2026-02-26,2027-11-20
item,"Garza, Powell and Kelley",Port James,Venezuela,2027-03-26,2026-04-27
affect,Williams Ltd,Port Andrew,Qatar,2026-05-12,2026-04-30
including,Adams-Brown,South Joseph,Faroe Islands,2027-01-18,2027-08-24
arm,Martinez-Nelson,West Larryview,Saint Lucia,2026-12-14,2026-06-10
able,"Stewart, Olson and Tapia",Smithburgh,United Arab Emirates,2026-04-28,2027-01-20
among,Rasmussen-Serrano,Williamborough,Slovakia (Slovak Republic),2027-05-30,2026-12-31
rich,Ellis-Miller,South Jacqueline,Norfolk Island,2026-11-16,2027-04-13
blood,Weaver and Sons,New Jason,Solomon Islands,2026-02-21,2027-08-23
law,"Barrett, Green and Watson",North Shellyshire,Spain,2026-11-01,2027-08-31
condition,Donovan Inc,Erikatown,Georgia,2026-09-25,2026-03-05
lead,Villarreal-Brown,Schroederchester,Liechtenstein,2026-06-30,2027-09-28
front,Williams PLC,Lake Carltown,Suriname,2027-10-31,2026-10-25
finish,Roman Inc,Debrashire,China,2026-06-08,2027-05-04
know,"Hensley, Alexander and Odonnell",Lake Sarahfurt,Vietnam,2027-02-07,2027-05-29
born,Molina-Lopez,Markstad,Jamaica,2026-07-22,2026-10-27
reason,Johnson-Gutierrez,North Christopherville,Senegal,2027-03-31,2026-01-29
job,Lopez-Hayes,South Donaldshire,French Southern Territories,2027-03-01,2027-08-29
vote,Garcia-Montoya,Amandastad,Burundi,2026-01-24,2027-08-17
wrong,"Atkins, Watkins and Little",West Davidfurt,Micronesia,2026-07-25,2026-05-25
service,Day-Thompson,Lake David,Belgium,2026-12-30,2027-10-26
success,"Reynolds, Ruiz and Ramirez",North Danielmouth,Ireland,2026-12-20,2026-01-23
director,"Taylor, Gomez and Lopez",Lake Robin,Kyrgyz Republic,2026-05-26,2027-05-18
enough,"James, Horne and Villanueva",West Bryan,Netherlands,2027-01-04,2027-10-17
stay,Carter-Howard,Lake George,Mexico,2026-06-07,2026-10-22
few,Elliott-Fowler,Lake Douglas,Mayotte,2027-03-01,2027-01-30
throughout,Baker Inc,East Dalefurt,Finland,2026-05-12,2027-03-04
hand,"Green, Alvarado and Davenport",Penatown,Macedonia,2026-06-05,2027-02-20
decide,Harmon and Sons,New Franciscoton,Madagascar,2027-11-09,2027-11-27
quite,"Taylor, Lee and Guzman",Garciahaven,Thailand,2026-09-30,2026-12-06
kid,Howard LLC,West Kathleenborough,Tanzania,2027-01-23,2027-06-14
system,"Robbins, Li and Vasquez",Marcton,Ukraine,2026-01-21,2026-09-14
account,Edwards-Snyder,North Austinstad,Korea,2026-10-25,2026-11-03
help,Ross-Williams,East Tony,Namibia,2027-11-11,2027-12-20
address,Lam and Sons,Whiteville,Norfolk Island,2027-06-12,2027-03-20
treatment,Lamb LLC,South Alexandrafurt,Malta,2026-08-08,2026-03-15
bit,Cole-Williams,Kathleenland,Jersey,2027-12-05,2027-06-12
likely,"Smith, Flynn and Davis",West Amanda,Bahamas,2027-11-26,2027-11-07
bank,Gallegos and Sons,Eugeneborough,Uzbekistan,2027-03-05,2026-10-24
indeed,"Mckenzie, Schroeder and Morris",South Annettechester,Cote d'Ivoire,2026-04-17,2026-09-16
water,"Steele, Tucker and Davis",Katherinebury,Montenegro,2026-07-07,2026-08-31
house,Moore-Gonzalez,Beasleyfurt,Ecuador,2026-03-21,2027-11-18
role,Miller and Sons,West Erica,Anguilla,2026-03-08,2027-07-11
close,Hays-Williams,Matthewsbury,Belize,2027-08-02,2026-08-25
arm,"Stanton, Long and Thompson",Starktown,Zambia,2027-08-30,2027-07-06
home,Williams Group,Lake Steven,Venezuela,2027-01-23,2026-07-21
current,Vasquez-Andrews,Samueltown,Argentina,2027-12-30,2026-04-05
history,"Johnson, Miller and Williams",South Robert,Jamaica,2026-04-15,2027-11-25
reveal,"Gonzalez, Rivera and Price",Malonebury,Egypt,2026-04-01,2027-02-16
culture,Howell PLC,Williamville,United Kingdom,2027-08-03,2026-02-25
when,Harris PLC,New Markshire,Australia,2026-03-27,2027-06-17
young,"Williams, George and Turner",North Michael,Tajikistan,2027-10-20,2027-02-12
company,"Fields, Foster and Melendez",New Latoyaport,Singapore,2027-05-24,2027-12-06
sure,Manning Inc,East Benjaminshire,Sri Lanka,2027-06-24,2026-08-30
full,Melendez PLC,New Johnny,Jamaica,2026-06-20,2026-02-10
instead,Diaz-Chapman,Gonzalezstad,Martinique,2026-06-25,2026-07-08
season,"Abbott, Hutchinson and Norton",Thomashaven,South Africa,2027-12-16,2027-06-28
else,Hernandez-Smith,Burtonport,Palau,2026-06-19,2026-01-28
she,"Williams, Scott and Warren",Lisamouth,British Indian Ocean Territory (Chagos Archipelago),2026-03-09,2027-04-19
impact,Harris PLC,New Darren,Mayotte,2026-01-19,2027-02-22
life,"Smith, Green and Myers",Guerreroland,American Samoa,2026-12-25,2026-03-26
customer,Mills Inc,Jeromeport,Puerto Rico,2027-01-23,2027-02-12
kitchen,"Garza, George and Daniels",Port Amanda,Zimbabwe,2027-03-02,2027-04-23
protect,"Simmons, West and Cooper",Cuevasstad,Uruguay,2026-05-10,2026-10-27
impact,"Foster, Wallace and Fitzgerald",North Heather,Armenia,2026-11-05,2026-06-11
last,Carrillo and Sons,Fischerville,Spain,2026-04-30,2026-10-14
happy,"Cooper, Le and Williams",Smithport,Sweden,2026-06-14,2027-05-13
eight,Wright Group,East Cynthiabury,Burundi,2026-08-17,2027-10-27
subject,"Johnson, Hicks and Davis",Seanton,Lebanon,2027-12-18,2026-08-19
phone,Hicks PLC,Lake Keithstad,Central African Republic,2027-11-08,2026-04-30
find,Glenn-Fuentes,West Christinaton,Lesotho,2027-07-29,2027-04-16
have,"Carpenter, George and Sparks",Jasonberg,Hong Kong,2026-07-11,2026-07-25
single,Benton-Fields,West Alexander,Estonia,2026-05-16,2027-01-24
really,Quinn-Stafford,Port Danaland,Guam,2026-01-03,2027-10-24
I,Baldwin-Holmes,Aimeeburgh,Kiribati,2027-09-24,2026-05-10
owner,Johnson-Simon,Harringtonburgh,Costa Rica,2027-06-20,2026-04-15
a,"Johnson, Austin and Peterson",Port Julia,Lebanon,2026-01-22,2026-05-04
industry,"Johnson, Martinez and Lamb",Natalieport,Algeria,2027-09-09,2026-01-21
position,Todd and Sons,New Madeline,Brazil,2026-12-28,2027-07-11
arrive,Durham-Mcdonald,Whitneychester,Antarctica (the territory South of 60 deg S),2027-11-30,2027-04-28
walk,Taylor-Andrews,Lisatown,Bouvet Island (Bouvetoya),2027-05-24,2027-03-04
collection,Osborn-Jensen,Ryanton,Togo,2026-05-05,2027-12-23
technology,Sanders-Gallagher,Meghantown,Faroe Islands,2026-11-21,2027-02-15
recognize,Pitts and Sons,West Taylorburgh,American Samoa,2026-06-14,2027-05-24
thought,Patterson and Sons,East Mary,Bouvet Island (Bouvetoya),2027-09-26,2027-08-12
exist,Moore-Mullins,Jerryberg,Sri Lanka,2026-06-25,2026-02-15
lawyer,Gonzalez-Graham,West Corey,Indonesia,2026-04-26,2026-05-14
free,"Cook, Nguyen and Washington",Terrenceburgh,Trinidad and Tobago,2027-08-06,2027-10-06
anyone,Hampton Ltd,West Patrickbury,Zambia,2026-09-07,2027-05-23
challenge,"Coleman, Roth and Warner",Adamfurt,Yemen,2026-02-14,2027-09-06
window,"Mason, Simmons and James",Hendersonside,Korea,2026-08-01,2027-03-25
sport,Smith-Mcdaniel,East Felicia,Libyan Arab Jamahiriya,2026-01-13,2027-05-08
direction,Ortiz Inc,West Katherine,Georgia,2026-02-07,2026-11-02
mind,Wheeler-Campbell,Lake Alicia,Saint Lucia,2026-06-19,2027-02-08
account,Guerra-Williams,Guerrafurt,Ghana,2027-02-11,2026-10-10
economic,"Hall, Smith and Stout",Martinport,San Marino,2026-04-07,2027-01-06
particular,Stafford Group,Espinozaside,China,2027-08-08,2027-06-25
course,"Myers, Jones and Potter",Tammyville,South Africa,2027-08-10,2027-05-04
thus,"Jones, Faulkner and Jackson",Wellsport,Papua New Guinea,2026-07-05,2027-11-18
choice,Schroeder-Miller,Lake Joan,Lesotho,2026-01-20,2027-09-22
drive,Kent-Oconnor,Andrewmouth,Aruba,2026-04-12,2026-05-06
prevent,Shaffer-Adams,Port Donald,Lithuania,2026-07-12,2026-11-28
force,Smith-Armstrong,Warrenmouth,Togo,2026-01-15,2027-11-19
wish,Ray-Henderson,South Nancy,Monaco,2026-08-27,2026-12-28
newspaper,Murphy-Schultz,East Katie,Bangladesh,2027-11-05,2026-08-19
term,"Edwards, Shaw and Rodgers",New Dillonshire,Northern Mariana Islands,2026-08-23,2027-03-27
room,Martinez-Frank,North Alexaborough,Haiti,2027-07-02,2027-12-29
high,"Sanford, Brown and Lopez",Charlesbury,Falkland Islands (Malvinas),2026-05-19,2026-01-23
both,"Riley, Fletcher and Cain",Brittanyville,Greece,2026-08-24,2026-02-09
affect,"Lawrence, Norton and Anderson",South Melissafurt,Palau,2026-12-13,2027-09-10
strategy,"Barnett, Black and Flowers",Kellerfort,Bermuda,2026-10-12,2026-01-05
stand,Brown Inc,Smithmouth,Latvia,2026-11-01,2027-05-07
be,Vaughan-Miller,Millerchester,Heard Island and McDonald Islands,2026-08-20,2027-05-30
deep,Morton Inc,Davischester,Bahrain,2026-12-07,2026-10-05
quality,Harris Inc,North Josephfort,Guinea-Bissau,2027-01-19,2027-12-06
door,Moore PLC,Fitzgeraldmouth,Gabon,2026-11-16,2027-01-22
tonight,Wallace-Williams,South Joseph,Togo,2026-10-07,2026-11-05
room,Osborn-Rich,South Christopherstad,Serbia,2027-09-23,2027-05-06
hear,Robinson-Ortega,Wutown,Montenegro,2027-06-11,2026-03-13
high,Solomon-Lucero,Port Morganstad,Saint Martin,2027-05-31,2027-01-24
natural,"Moore, Woods and Thompson",Hillbury,El Salvador,2027-10-22,2027-09-12
hospital,Jefferson and Sons,South Brendan,South Georgia and the South Sandwich Islands,2026-11-27,2027-08-10
safe,White Inc,Johnsonville,Lithuania,2027-03-20,2027-09-25
activity,Velez-Baker,Hallfurt,Colombia,2026-03-21,2026-01-23
my,Richard-Price,Tannerbury,Central African Republic,2027-06-22,2026-04-16
half,"Kramer, Martin and Sullivan",Julieborough,Philippines,2026-12-20,2026-12-15
reduce,"Barber, Todd and Mathews",Lake Theodoreport,Kenya,2026-07-29,2026-06-20
trade,Fitzpatrick-Ramsey,Cherylfurt,Libyan Arab Jamahiriya,2027-08-19,2026-07-17
remember,Rose-Thomas,West Angelicabury,Greece,2027-01-13,2027-06-06
traditional,"Bruce, Contreras and Farmer",East Raymond,Uganda,2027-07-21,2027-11-08
bad,Brennan-West,East Kristi,Estonia,2026-03-31,2027-12-23
tree,"Gonzalez, Long and Gibson",South Frankchester,Hungary,2026-01-01,2026-08-08
tough,Cook-Pineda,East Melissa,Central African Republic,2027-12-24,2027-09-01
road,Elliott and Sons,Edwardston,Albania,2027-04-01,2027-08-30
think,Hayes and Sons,Joshuaport,Myanmar,2027-03-24,2026-10-24
political,Christian-Ramos,West Karl,Myanmar,2026-02-07,2027-12-05
significant,Watson LLC,Port Tina,Turks and Caicos Islands,2027-05-06,2027-07-29
family,"Wilkinson, Gonzalez and Molina",West Stacey,South Georgia and the South Sandwich Islands,2027-05-28,2026-11-02
several,Clark-Castillo,Rebeccaland,Algeria,2027-12-27,2026-05-22
contain,Yoder-Collins,New Katherinechester,Reunion,2026-07-06,2026-01-19
change,Rodriguez-Kennedy,Stephenchester,Nauru,2026-07-15,2026-03-27
or,Bishop and Sons,Matthewton,Comoros,2026-05-11,2027-11-30
behind,"Stone, Salazar and Martinez",Bradleystad,Cuba,2027-01-23,2027-09-04
yard,"Andrews, Graves and Morgan",Jessicafurt,Guatemala,2026-11-22,2027-11-09
too,"Robbins, Johnson and Black",Benitezhaven,Gabon,2026-03-12,2026-02-27
go,Brown-Gordon,Lake Sharon,Cuba,2026-10-13,2026-08-25
special,Patel-Frederick,East Christopherton,Albania,2026-06-29,2027-06-17
organization,Sullivan PLC,Brandonville,Jordan,2027-08-26,2027-04-25
red,Richards Group,New Waltermouth,Saint Martin,2027-02-07,2027-08-31
boy,"Howe, Hardy and Nelson",Roberttown,Bolivia,2027-06-05,2027-04-24
toward,"Wilson, White and Ford",West Sydneyton,Zimbabwe,2027-09-23,2027-04-28
guess,Grant-Martin,Port Caseyview,South Georgia and the South Sandwich Islands,2026-01-08,2027-03-19
market,Miller PLC,Lake Kristen,Madagascar,2026-09-16,2027-02-11
city,Ruiz LLC,East Bridgetport,Senegal,2026-11-20,2026-12-15
owner,"Hendrix, Ramos and Matthews",Garciaside,Aruba,2027-11-09,2026-03-16
new,Manning Ltd,Hornside,New Zealand,2027-10-04,2027-05-16
magazine,Bullock and Sons,Richardburgh,Armenia,2027-02-24,2026-07-18
enter,"Evans, Hernandez and Vaughan",North Marymouth,Congo,2027-09-30,2026-08-19
thing,Fisher-Wall,West Donna,Peru,2027-11-22,2026-09-22
free,"Skinner, Freeman and Spencer",Garybury,Puerto Rico,2027-12-23,2027-01-31
growth,"Castillo, Mcclain and Lopez",New Amandaland,Netherlands,2027-01-08,2027-07-30
continue,Bailey-Gordon,Salazarport,British Virgin Islands,2027-07-06,2026-05-31
fast,"Hickman, King and Mitchell",Nelsonside,Morocco,2026-01-15,2027-05-25
world,"Roach, Nelson and Arnold",South Jamie,Romania,2027-09-08,2026-11-23
nice,"Thomas, Butler and Thompson",Lopezville,Comoros,2027-10-11,2026-03-20
reality,Walker PLC,West Daniellebury,British Indian Ocean Territory (Chagos Archipelago),2026-07-16,2026-09-28
service,Johnson-Hanson,Blaketon,Norway,2027-11-10,2027-07-07
attention,Nguyen-Dixon,Tylertown,Burkina Faso,2027-07-12,2026-05-15
note,"Garcia, Robinson and Combs",Pereztown,Vietnam,2027-10-17,2027-04-04
walk,"Reyes, Jenkins and Russo",Craigshire,Latvia,2027-12-26,2026-01-17
create,Hunter-Tucker,South Pam,Monaco,2026-02-24,2026-04-09
easy,"Ashley, Butler and Sanchez",East Branditon,Moldova,2026-11-04,2026-05-16
first,Molina-Austin,East Raymond,Palau,2027-11-11,2026-12-25
Mr,"Smith, Bishop and Mcguire",Arnoldmouth,Guinea,2026-05-27,2027-02-16
now,James-Miller,Jefferyport,Russian Federation,2026-01-30,2027-04-06
similar,"Berg, Bennett and Velazquez",Lake Diane,Senegal,2026-01-20,2027-07-02
night,"Greene, Lang and Allen",Cardenasland,Thailand,2027-02-18,2027-01-25
structure,Myers LLC,Lisahaven,Panama,2027-03-22,2027-05-28
series,"Williams, Weber and Lutz",East Charlesville,New Caledonia,2026-05-11,2026-08-01
dream,Pratt Group,West Markmouth,Kenya,2027-07-13,2027-03-08
long,Beard LLC,South Charlotteton,Saudi Arabia,2027-12-28,2027-09-02
record,"Taylor, Webster and Fischer",Port Nicholas,Albania,2027-07-30,2026-04-07
state,Wright Ltd,Lake Brianside,San Marino,2026-09-10,2027-06-04
admit,Malone-Murillo,Kevinberg,Brazil,2027-03-31,2027-02-11
image,"King, Williams and Bell",Port Brian,Israel,2026-05-02,2027-01-28
simply,Ross Group,South Jamestown,French Southern Territories,2026-04-29,2026-11-16
truth,Aguilar-Lopez,Smithland,Netherlands Antilles,2026-01-07,2026-06-28
nature,Adams PLC,Stricklandchester,Bahrain,2026-12-04,2026-10-05
begin,Bishop-Lawson,Dustintown,Ireland,2026-03-01,2026-02-23
again,Wood-Grimes,South Christine,Mongolia,2026-08-24,2027-12-02
important,"Hall, Abbott and Watson",South Nathanborough,Niue,2026-02-09,2026-03-24
major,Shepard-Garcia,Gardnermouth,Montenegro,2026-09-28,2027-07-02
including,Daniels Ltd,Port Grace,Oman,2027-07-23,2026-02-28
several,"Alvarez, White and Griffith",Williamsonview,Eritrea,2026-10-26,2026-04-30
man,Scott and Sons,Thomasbury,China,2027-04-23,2026-06-13
white,Trevino-Davis,New Maryhaven,Trinidad and Tobago,2026-06-20,2027-03-08
nor,"Simmons, Ramirez and Duncan",Port Jeffreyshire,United States of America,2026-10-11,2026-02-28
yourself,Flores-Morgan,Paulview,Montserrat,2027-07-15,2026-07-27
style,Allen Inc,Davenportbury,Maldives,2027-08-20,2026-03-10
fire,Davis and Sons,Brownburgh,Moldova,2026-10-08,2027-08-24
according,Johnson Ltd,Heatherside,Tajikistan,2026-03-08,2027-07-29
chance,Ortiz-Bowen,Troyfort,Cook Islands,2026-05-29,2026-11-17
plan,Johnson-Russell,Craigton,Falkland Islands (Malvinas),2026-08-16,2027-04-12
range,Porter Ltd,West Conniemouth,Mauritius,2026-08-05,2027-02-07
start,Carpenter LLC,South Edward,Cuba,2026-09-29,2027-12-17
toward,Preston-Holmes,Barronview,Uzbekistan,2026-12-08,2026-12-04
task,Robinson and Sons,Judyburgh,Pakistan,2026-01-24,2026-09-27
discuss,Douglas Inc,Garzahaven,New Caledonia,2027-09-13,2026-11-11
pass,Payne-Wilson,Lake Brandonville,Macedonia,2027-08-16,2026-02-19
guess,Walker-Krause,Robinsonport,Austria,2027-01-18,2027-08-18
during,Butler-Haney,Port Lisa,Nepal,2026-12-09,2027-01-07
body,"Austin, Moore and Hamilton",East Bridgetland,United Kingdom,2026-04-13,2026-02-22
middle,Ortiz-Anderson,Sullivanmouth,Cote d'Ivoire,2026-08-02,2026-04-30
drug,"Kim, Mendoza and Hart",Moyershire,India,2026-10-01,2026-03-03
citizen,"Fisher, Bean and Perez",East Willieborough,Dominica,2026-12-11,2027-05-22
stand,Thompson and Sons,Sullivanmouth,Croatia,2026-07-20,2027-08-12
article,Mullen and Sons,Karenstad,Turkmenistan,2027-11-28,2027-11-23
hour,"Gomez, Hampton and Jones",Robertburgh,Singapore,2026-11-15,2026-03-02
around,Crawford-Miller,Jessicamouth,Gambia,2027-11-08,2026-05-08
window,Ho PLC,Davidtown,Antigua and Barbuda,2026-02-07,2026-05-12
Democrat,Bennett-Mcdonald,North Samuelport,Congo,2027-03-13,2026-05-15
too,Johnson Inc,Alvarezhaven,Nauru,2026-02-15,2026-09-11
mention,Berger-Paul,Maysmouth,Belize,2026-09-17,2026-10-26
gun,"Martinez, Shelton and Simpson",Bowersview,Timor-Leste,2026-04-30,2026-08-04
under,"Walker, Holmes and Miller",Davidburgh,Ireland,2026-01-07,2026-07-10
economic,Erickson-Rodriguez,Richardsonland,Armenia,2026-08-28,2026-08-25
heart,"Booker, Stephens and Barnes",Port Kimberlystad,Dominican Republic,2026-05-22,2027-06-14
economy,"Jones, Matthews and Johnson",Scotthaven,Guinea-Bissau,2026-01-16,2026-07-25
society,Nguyen-Clark,Deborahside,Bulgaria,2027-03-14,2027-08-27
lead,Woodard-Grant,Tuckerburgh,Netherlands,2026-08-01,2026-07-25
page,Barnett PLC,South Davidfurt,Serbia,2026-11-23,2027-03-28
oil,Pruitt-Rodriguez,North Patriciaberg,Honduras,2026-07-02,2027-03-30
write,Norman Group,Sheenafort,Congo,2026-12-02,2027-12-16
eat,Johnson-Cain,Lake Victoriabury,Iceland,2027-12-10,2027-09-02
ten,"Bowman, Green and Gordon",Port Toddfurt,Mongolia,2026-09-01,2027-10-17
remember,Casey Ltd,Cuevasstad,Burkina Faso,2027-01-22,2026-08-25
nor,"Baker, Blevins and Miller",Ricardoborough,Lithuania,2027-05-09,2026-03-28
people,Jordan PLC,South Charlesburgh,Peru,2027-08-05,2027-08-26
nor,"Barrera, Burns and Mitchell",East Sherry,Chile,2026-06-24,2026-08-18
decade,"Hatfield, Mueller and Ward",West Tinachester,Venezuela,2027-09-08,2026-08-22
civil,"Rivera, Liu and Erickson",Vincentborough,Korea,2027-09-27,2026-03-06
hotel,"Carr, Hernandez and Holmes",Angelaton,Heard Island and McDonald Islands,2027-12-24,2027-06-23
teacher,Robles and Sons,New Ashley,Benin,2027-06-07,2027-05-16
reason,"Garcia, Schmidt and Cook",Port Amanda,Haiti,2027-05-18,2027-01-05
else,Cross Group,Hughesview,Cocos (Keeling) Islands,2026-03-11,2027-11-30
east,Huffman-Hull,Port Samuel,Faroe Islands,2026-09-28,2027-02-12
vote,Palmer-Wheeler,South Sarahmouth,Latvia,2027-04-28,2027-12-01
offer,Sanders-Garcia,West Justin,Niger,2026-05-27,2026-05-08
agreement,Ibarra-Johnson,South Richardton,United Kingdom,2026-12-10,2026-09-22
speak,"Yates, Singh and Farmer",North Tiffany,French Guiana,2027-09-23,2026-02-24
late,"Glover, Jones and Obrien",South Candice,Spain,2026-09-11,2026-10-22
left,Stewart PLC,New Taylor,Reunion,2027-03-13,2027-09-02
become,Murphy LLC,North Jonborough,Western Sahara,2026-05-12,2026-05-09
response,"Edwards, Johnson and Brown",Timothyhaven,Gabon,2026-05-30,2026-05-02
financial,"Morales, King and Contreras",Port Christine,Korea,2026-10-23,2026-11-06
nation,"Hicks, Sanchez and Oliver",Travisport,Iceland,2027-10-05,2026-11-18
better,Reid-Walls,Matthewfurt,Spain,2026-02-28,2026-02-26
mind,Archer-Hamilton,Williamsmouth,Canada,2026-09-02,2027-02-27
foot,Simmons-Wilson,Andersonberg,Cuba,2027-05-01,2026-01-02
seem,Mcclain Inc,North Steve,Saint Vincent and the Grenadines,2026-04-27,2026-10-06
order,Preston-Wood,Silvafurt,Samoa,2027-02-19,2027-10-27
race,Martinez-Hill,Kimbury,Palau,2026-03-24,2026-01-05
shoulder,Lamb-Wyatt,Port Kaitlynville,Oman,2027-01-11,2026-07-26
occur,"Wright, Smith and Smith",Watsonmouth,Australia,2026-10-01,2026-07-01
certain,Robinson Inc,Taylormouth,Saint Vincent and the Grenadines,2026-08-29,2027-08-21
focus,Willis-Gamble,Lewisfurt,Brunei Darussalam,2026-11-22,2027-04-23
book,Ayers PLC,Jamesview,Gabon,2027-02-26,2027-08-13
should,Walker-Park,Port Diana,Turkey,2027-11-19,2026-03-10
ball,Patterson-Moreno,Jeffreyside,Mayotte,2026-03-18,2026-01-08
able,Taylor-Davis,Schultzburgh,Aruba,2027-03-24,2027-07-11
gas,Lozano-Joyce,East Samanthaborough,Tuvalu,2026-03-02,2026-12-09
on,"Garcia, Rocha and Joseph",East Henrytown,Japan,2026-12-23,2026-01-31
beautiful,Gonzalez-Carrillo,Tranfurt,Cambodia,2027-06-03,2026-01-30
decide,Allen-Zamora,Samanthaville,Cambodia,2027-04-17,2026-10-11
certain,"Smith, Hancock and Young",Thomasside,Venezuela,2027-01-09,2027-07-21
authority,"Fisher, Rhodes and Diaz",Armstrongside,Russian Federation,2026-09-28,2026-02-22
vote,Farrell-Nichols,North Sheilaville,Czech Republic,2027-05-01,2027-06-30
quite,Johnson and Sons,Elizabethborough,Cote d'Ivoire,2027-11-11,2026-07-13
possible,Garcia-Taylor,South Kristinton,Gabon,2027-06-14,2026-07-10
concern,"Byrd, Rivera and Gray",North Daniel,Venezuela,2027-01-22,2027-10-21
pattern,Hicks PLC,Jacksonmouth,Haiti,2027-07-05,2026-09-11
black,"Friedman, Wilkins and Wilson",Juliemouth,Bolivia,2026-09-22,2027-07-05
smile,"Vega, Stewart and Zimmerman",Tuckershire,Kazakhstan,2026-12-16,2027-10-07
team,"White, Dominguez and Webb",West Robert,Singapore,2027-07-15,2026-03-25
view,Richmond Group,East Charleshaven,China,2026-12-29,2027-02-07
field,Kramer and Sons,Melanieburgh,Somalia,2027-08-03,2026-02-11
her,"Ortiz, Kelly and Palmer",Wolfetown,Jordan,2026-04-16,2026-05-24
western,Warren-Jones,New Johnton,Israel,2027-09-04,2026-06-30
drop,"Burgess, Harrell and Velazquez",New Justinland,Armenia,2027-04-18,2026-02-11
Mr,"Li, Patrick and Bonilla",Christineview,Algeria,2027-06-03,2026-02-22
place,Dawson Inc,Courtneymouth,Saint Lucia,2026-06-13,2026-10-18
truth,"Martinez, Green and Carter",Shannonfurt,Korea,2026-11-06,2026-07-06
plan,Rojas and Sons,Heatherchester,Burundi,2027-08-28,2026-09-20
perhaps,Adams-Lee,Clayburgh,Poland,2027-12-03,2026-12-16
speak,Fitzpatrick LLC,Tylermouth,Holy See (Vatican City State),2026-03-31,2026-10-13
mind,"Randall, Herrera and Torres",Ryanland,Switzerland,2027-06-16,2027-07-06
beautiful,Bishop and Sons,Lake Cameronview,Saint Martin,2027-04-09,2027-11-11
defense,Ayers-Rowland,North Amyside,Korea,2027-05-16,2026-05-07
difference,Gibson LLC,Colemanton,Vietnam,2026-01-30,2026-02-18
nor,"Harris, Pace and Barnes",South Ashleymouth,Guinea,2027-08-26,2026-05-03
discover,Sanders-Harris,Davidburgh,United Arab Emirates,2027-02-15,2026-10-15
name,Martinez-Becker,Spearstown,Turks and Caicos Islands,2026-11-13,2026-11-12
from,"Moore, Reed and Mitchell",Albertberg,Macedonia,2026-06-23,2026-04-14
candidate,Russo Inc,Kellerview,China,2026-01-11,2026-11-10
personal,"Powers, Lee and Mitchell",North Sarahview,Antigua and Barbuda,2027-10-09,2027-11-07
win,Swanson Inc,Saramouth,Martinique,2027-10-04,2027-05-11
opportunity,Hogan Inc,New John,Burkina Faso,2027-12-25,2026-07-15
thought,Davis-Mann,South Melanie,Greece,2026-11-30,2027-06-29
many,Ayers-Johnson,North Kristenside,Pakistan,2027-06-02,2026-10-25
old,"Giles, Butler and Watkins",South Emily,Chile,2026-12-17,2027-03-10
figure,"Holmes, Lee and Taylor",East Barbarahaven,Croatia,2027-05-03,2026-04-24
before,Moore-Baker,Davidton,Nicaragua,2026-08-01,2027-11-08
explain,"Perez, Wallace and Dickerson",West Nicholas,Burundi,2027-12-01,2026-01-24
security,"Lester, Roberts and Wong",Medinamouth,Ecuador,2026-04-20,2027-09-01
mother,Freeman and Sons,East Taylor,Pitcairn Islands,2026-01-08,2026-05-30
up,Willis-Roach,New Steven,Papua New Guinea,2026-11-04,2026-02-01
management,Williams PLC,East Cynthia,Aruba,2027-04-22,2026-08-16
center,"Barton, Hernandez and Huerta",New Scott,Costa Rica,2027-04-18,2027-05-10
possible,Barrett-Roberts,Rachelton,French Polynesia,2027-11-23,2027-12-21
state,Herrera and Sons,Zacharyburgh,Saint Helena,2026-12-21,2026-05-03
others,Mueller Group,Port John,New Zealand,2026-07-24,2027-05-18
indeed,Nelson PLC,South Amychester,Kazakhstan,2027-10-04,2027-07-04
run,Martin-Parker,North Tracy,Antigua and Barbuda,2027-07-08,2027-04-17
give,Watson Group,Ryanmouth,Mauritius,2027-08-22,2026-01-11
daughter,Fry Group,South Kara,Norfolk Island,2027-07-21,2027-12-13
expert,Harrison-Ray,Walshmouth,Suriname,2027-07-16,2027-08-01
seem,"Brown, Gomez and Harrington",Daltonberg,Portugal,2026-06-23,2027-06-24
under,Johnson and Sons,Garrettbury,Guyana,2026-04-13,2027-12-12
mouth,"Ramos, Williams and Baker",North Rachel,Palestinian Territory,2027-08-09,2026-02-14
cover,Byrd Inc,Wilkinsonport,Mozambique,2027-10-13,2027-12-09
thousand,Young LLC,South Erikchester,Bulgaria,2026-03-10,2027-12-11
bit,"Garcia, Walker and Tucker",Williamsmouth,Luxembourg,2027-02-15,2026-12-29
this,"Pearson, Miller and Mcdonald",Port Stefanie,Rwanda,2027-11-03,2026-11-02
through,"Tucker, Yu and Lawrence",Codystad,French Polynesia,2027-12-06,2026-06-24
picture,"Owens, Dickerson and Jensen",Ryanfort,American Samoa,2026-07-07,2027-01-19
end,"Mckenzie, Phillips and Riley",Patelside,Uganda,2026-12-19,2027-05-23
lot,"Mcknight, Suarez and Adams",Vincentchester,Zambia,2026-07-11,2027-09-20
into,Wright Inc,East Kirk,Korea,2027-01-21,2026-01-29
five,"Johnson, Brown and Wilson",Port Kaitlinchester,Seychelles,2026-05-02,2027-08-24
land,"Rhodes, Hill and Figueroa",Juliafurt,Paraguay,2026-10-20,2026-03-25
range,Deleon-Swanson,Leeberg,Somalia,2027-01-10,2027-06-17
trial,"Webb, Willis and Dickson",West Patrick,Jordan,2027-01-02,2026-12-25
become,Bell-Freeman,Jonesberg,Brazil,2027-02-05,2026-04-20
produce,Contreras-Beck,Lake David,Uruguay,2027-12-20,2026-03-04
firm,Day and Sons,Lake Laurie,Sudan,2026-06-19,2027-02-06
name,White and Sons,Robinsonville,Malawi,2026-08-27,2026-04-03
head,Young-Barber,Monicaville,Ireland,2026-06-09,2027-11-11
each,Kerr PLC,Angelashire,Guernsey,2027-02-05,2026-01-21
future,Soto Group,Patelburgh,Reunion,2026-05-25,2027-03-12
authority,Quinn-Rojas,West Adam,Belgium,2026-10-28,2026-06-03
thing,Blackwell-Williams,Fischerview,Niue,2026-02-02,2027-10-11
toward,Gray Group,Hillside,Mauritania,2027-07-17,2027-03-22
partner,"Wood, Werner and Wagner",Port Mary,Libyan Arab Jamahiriya,2026-04-10,2027-10-02
market,"Baldwin, Tate and Meyers",East Nicholastown,Iran,2026-03-01,2027-10-21
